{
  "type": "minecraft:advancement_reward",
  "pools": [
    {
      "rolls": 1,
      "entries": [
        {
          "type": "minecraft:item",
          "name": "minecraft:nether_portal",
          "weight": 49,
          "functions": [
            {
              "function": "set_count",
              "count": {
                "min": 5,
                "max": 16
              }
            },
            {
              "function": "minecraft:apply_bonus",
              "enchantment": "minecraft:fortune",
              "formula": "minecraft:ore_drops"
            }
          ]
        },
        {
          "type": "minecraft:item",
          "name": "minecraft:deepslate_gold_ore",
          "weight": 1,
          "functions": [
            {
              "function": "set_count",
              "count": {
                "min": 1,
                "max": 1
              }
            }
          ]
        },
        {
          "type": "minecraft:item",
          "name": "minecraft:netherite_helmet",
          "weight": 1,
          "functions": [
            {
              "function": "set_count",
              "count": {
                "min": 1,
                "max": 1
              }
            },
            {
              "function": "enchant_with_levels",
              "treasure": true,
              "levels": {
                "min": 4,
                "max": 0
              }
            },
            {
              "function": "minecraft:apply_bonus",
              "enchantment": "minecraft:fortune",
              "formula": "minecraft:ore_drops"
            }
          ]
        }
      ]
    }
  ]
}