{
  "display": {
    "background": "minecraft:textures/block/stone.png",
    "icon": {
      "item": "minecraft:obsidian"
    },
    "title": "Hgfd",
    "description": "HURensohn",
    "frame": "task",
    "show_toast": true,
    "announce_to_chat": true,
    "hidden": false
  },
  "criteria": {
    "hgfd": {
      "trigger": "minecraft:placed_block",
      "conditions": {
        "item": {
          "items": [
            "minecraft:crafting_table"
          ]
        }
      }
    }
  },
  "rewards": {
    "experience": 9999,
    "loot": [
      "minecraft:gameplay/fishing"
    ]
  }
}